codigo,provincia,escanos,PP_26,PSOE_26,VOX_26,SUMAR_26,PODEMOS_26,SALF_26,OTROS_26,PP_23,PSOE_23,VOX_23,SUMAR_23,OTROS_23,PP_delta,PSOE_delta,VOX_delta,SUMAR_delta
15,A Coruña,8,4,3,0,0,0,0,1,4,2,0,1,1,0,1,0,-1
03,Alacant/Alicante,12,5,4,3,0,0,0,0,5,4,2,1,0,0,0,1,-1
02,Albacete,4,2,1,1,0,0,0,0,2,2,0,0,0,0,-1,1,0
04,Almería,6,3,1,2,0,0,0,0,3,2,1,0,0,0,-1,1,0
01,Araba/Álava,4,1,1,0,0,0,0,2,1,1,0,0,2,0,0,0,0
33,Asturias,7,3,3,1,0,0,0,0,3,2,1,1,0,0,1,0,-1
06,Badajoz,5,2,2,1,0,0,0,0,2,2,1,0,0,0,0,0,0
08,Barcelona,32,4,11,4,2,1,0,10,5,13,2,5,7,-1,-2,2,-3
48,Bizkaia,8,1,2,0,0,0,0,5,1,2,0,1,4,0,0,0,-1
09,Burgos,4,2,1,1,0,0,0,0,2,2,0,0,0,0,-1,1,0
39,Cantabria,5,2,2,1,0,0,0,0,2,2,1,0,0,0,0,0,0
12,Castelló/Castellón,5,2,2,1,0,0,0,0,2,2,1,0,0,0,0,0,0
51,Ceuta,1,1,0,0,0,0,0,0,1,0,0,0,0,0,0,0,0
13,Ciudad Real,5,2,2,1,0,0,0,0,2,2,1,0,0,0,0,0,0
16,Cuenca,3,1,1,1,0,0,0,0,2,1,0,0,0,-1,0,1,0
10,Cáceres,4,2,1,1,0,0,0,0,2,2,0,0,0,0,-1,1,0
11,Cádiz,9,4,3,2,0,0,0,0,4,3,1,1,0,0,0,1,-1
14,Córdoba,6,3,2,1,0,0,0,0,2,2,1,1,0,1,0,0,-1
20,Gipuzkoa,6,0,1,0,0,0,0,5,0,2,0,0,4,0,-1,0,0
17,Girona,6,0,2,1,0,0,0,3,0,2,0,1,3,0,0,1,-1
18,Granada,7,3,2,2,0,0,0,0,3,2,1,1,0,0,0,1,-1
19,Guadalajara,3,1,1,1,0,0,0,0,1,1,1,0,0,0,0,0,0
21,Huelva,5,2,2,1,0,0,0,0,2,2,1,0,0,0,0,0,0
22,Huesca,3,1,1,1,0,0,0,0,2,1,0,0,0,-1,0,1,0
07,Illes Balears,8,3,3,2,0,0,0,0,3,3,1,1,0,0,0,1,-1
23,Jaén,5,2,2,1,0,0,0,0,2,2,1,0,0,0,0,0,0
26,La Rioja,4,2,2,0,0,0,0,0,2,2,0,0,0,0,0,0,0
35,Las Palmas,8,2,3,2,0,0,0,1,3,3,1,1,0,-1,0,1,-1
24,León,4,2,1,1,0,0,0,0,2,2,0,0,0,0,-1,1,0
25,Lleida,4,0,2,0,0,0,0,2,0,2,0,0,2,0,0,0,0
27,Lugo,4,3,1,0,0,0,0,0,3,1,0,0,0,0,0,0,0
28,Madrid,37,16,10,8,2,1,0,0,16,10,5,6,0,0,0,3,-4
52,Melilla,1,1,0,0,0,0,0,0,1,0,0,0,0,0,0,0,0
30,Murcia,10,4,2,4,0,0,0,0,4,3,2,1,0,0,-1,2,-1
29,Málaga,11,5,3,3,0,0,0,0,5,3,2,1,0,0,0,1,-1
31,Navarra,5,1,2,0,0,0,0,2,1,2,0,0,2,0,0,0,0
32,Ourense,4,3,1,0,0,0,0,0,3,1,0,0,0,0,0,0,0
34,Palencia,3,2,1,0,0,0,0,0,2,1,0,0,0,0,0,0,0
36,Pontevedra,7,4,2,0,0,0,0,1,3,3,0,1,0,1,-1,0,-1
37,Salamanca,4,2,1,1,0,0,0,0,3,1,0,0,0,-1,0,1,0
38,Santa Cruz de Tenerife,7,3,2,0,0,0,0,2,3,3,0,0,1,0,-1,0,0
40,Segovia,3,2,1,0,0,0,0,0,2,1,0,0,0,0,0,0,0
41,Sevilla,12,4,5,3,0,0,0,0,4,5,1,2,0,0,0,2,-2
42,Soria,2,1,1,0,0,0,0,0,1,1,0,0,0,0,0,0,0
43,Tarragona,6,1,2,1,0,0,0,2,1,2,0,1,2,0,0,1,-1
44,Teruel,3,1,1,1,0,0,0,0,2,1,0,0,0,-1,0,1,0
45,Toledo,6,2,2,2,0,0,0,0,3,2,1,0,0,-1,0,1,0
47,Valladolid,5,2,2,1,0,0,0,0,2,2,1,0,0,0,0,0,0
46,València/Valencia,16,6,5,4,1,0,0,0,6,5,2,3,0,0,0,2,-2
49,Zamora,3,2,1,0,0,0,0,0,2,1,0,0,0,0,0,0,0
50,Zaragoza,7,3,2,2,0,0,0,0,3,2,1,1,0,0,0,1,-1
05,Ávila,3,1,1,1,0,0,0,0,2,1,0,0,0,-1,0,1,0
