provincia,N_valido,N_total,PP,PSOE,VOX,SUMAR,PODEMOS,SALF,OTROS,PP_sw,PSOE_sw,VOX_sw,SUMAR_sw
Albacete,10,13,27.9,20.8,51.3,0.0,0.0,0.0,0.0,37.7,29.9,24.8,3.0
Alicante/Alacant,52,65,26.4,29.8,32.0,8.5,0.0,1.5,1.6,,,,
Almería,24,26,29.6,23.8,31.3,9.0,3.2,3.1,-0.0,37.4,24.4,30.7,2.7
Araba/Álava,17,20,5.0,20.4,15.8,9.5,0.0,0.0,49.3,17.0,24.2,5.8,5.4
Asturias,35,42,30.4,31.7,13.8,11.7,5.0,2.4,5.1,35.5,31.4,19.7,6.6
Badajoz,17,23,33.2,35.2,20.3,11.3,0.0,0.0,-0.0,36.4,34.6,20.8,2.9
"Balears, Illes",35,49,20.9,36.1,26.0,11.4,2.8,2.8,-0.0,,,,
Barcelona,183,234,15.0,24.0,18.0,1.8,6.5,2.3,32.5,13.4,32.0,11.7,6.6
Bizkaia,50,57,12.8,18.2,10.7,4.0,6.7,1.9,45.7,10.8,22.1,3.9,4.5
Burgos,5,12,0.0,48.6,17.4,16.1,0.0,0.0,17.9,39.3,30.6,19.5,3.7
Cantabria,16,21,23.1,25.1,34.2,12.1,5.4,0.0,0.0,40.4,29.4,21.4,3.6
Castellón/Castelló,24,26,25.8,24.5,29.7,16.4,3.5,0.0,-0.0,,,,
Ciudad Real,16,20,28.2,33.3,24.3,6.4,0.0,0.0,7.8,38.2,30.7,24.3,2.6
"Coruña, A",46,66,29.2,33.4,3.8,4.4,0.0,0.0,29.3,,,,
Cuenca,5,6,0.0,18.4,63.4,0.0,18.2,0.0,0.0,37.6,32.5,23.3,2.3
Cáceres,17,22,26.4,40.5,26.8,0.0,6.3,0.0,-0.0,36.5,34.3,20.7,3.0
Cádiz,32,41,28.4,29.7,19.9,6.6,3.2,5.9,6.4,33.8,29.6,23.3,5.6
Córdoba,21,26,8.8,24.2,34.7,8.4,4.4,4.3,15.2,37.1,28.9,21.6,6.0
Gipuzkoa,15,22,8.2,42.9,15.1,0.0,0.0,0.0,33.8,8.0,19.7,3.0,4.4
Girona,25,38,15.2,30.4,26.8,3.9,0.0,0.0,23.8,9.0,24.7,10.3,4.5
Granada,19,22,24.4,41.8,25.0,0.0,0.0,4.4,4.4,35.5,29.1,24.5,5.0
Guadalajara,12,13,38.2,41.6,7.2,6.5,0.0,6.6,-0.0,34.0,28.4,28.5,3.8
Huelva,17,19,17.0,30.2,41.0,0.0,0.0,6.5,5.3,35.3,32.0,22.4,4.5
Huesca,12,13,52.6,0.0,25.8,7.6,0.0,7.1,6.9,37.3,30.2,19.5,5.0
Jaén,19,24,21.6,35.8,28.8,13.9,0.0,0.0,0.0,35.6,31.8,22.2,3.4
León,17,22,11.1,21.5,38.2,0.0,4.1,4.3,20.8,34.8,29.1,19.2,2.8
Lleida,21,30,4.0,30.2,40.1,0.0,0.0,0.0,25.6,11.8,25.0,9.9,3.2
Lugo,5,8,48.1,16.0,35.9,0.0,0.0,0.0,0.0,48.9,27.1,6.7,2.2
Madrid,233,296,36.5,25.7,22.8,6.5,4.3,2.7,1.5,39.7,25.1,21.7,6.7
Murcia,55,71,24.4,33.8,31.0,2.6,4.7,3.4,0.0,37.7,21.3,31.6,3.9
Málaga,48,59,29.8,24.0,28.7,8.3,0.0,7.7,1.6,36.7,26.7,25.0,5.2
Navarra,20,29,4.0,34.5,4.5,8.0,4.0,15.1,29.9,15.8,23.8,8.5,5.4
Ourense,8,9,22.8,54.6,0.0,0.0,11.6,0.0,11.1,48.6,26.9,7.5,2.4
Palencia,5,7,40.8,21.3,19.6,0.0,18.4,0.0,-0.0,40.0,30.4,19.4,2.6
"Palmas, Las",32,46,14.5,22.1,42.5,2.5,0.0,2.5,15.9,,,,
Pontevedra,33,37,35.0,35.3,9.0,2.3,0.0,2.7,15.7,39.9,28.9,7.6,5.9
"Rioja, La",6,14,17.3,32.7,32.9,17.1,0.0,0.0,0.0,,,,
Salamanca,11,13,38.6,13.4,41.3,6.7,0.0,0.0,-0.0,44.1,26.4,21.8,2.3
Santa Cruz de Tenerife,39,53,8.2,40.1,29.2,4.3,4.6,0.0,13.6,35.7,31.1,0.0,4.9
Segovia,4,6,18.5,18.0,29.9,0.0,0.0,0.0,33.6,43.0,26.9,21.3,3.4
Sevilla,74,92,31.3,32.2,26.8,3.6,1.4,2.6,2.1,33.1,33.3,20.9,6.2
Soria,2,3,60.1,0.0,39.9,0.0,0.0,0.0,0.0,34.3,25.0,14.3,1.4
Tarragona,30,39,9.0,31.1,37.1,0.0,3.0,5.8,13.9,13.0,28.3,15.3,4.7
Teruel,5,7,0.0,56.6,18.8,0.0,0.0,24.7,0.0,32.2,24.7,19.0,2.2
Toledo,31,38,37.1,30.0,20.8,2.9,2.9,3.4,3.0,35.2,27.8,28.9,3.4
Valencia/València,98,113,29.7,24.6,24.8,9.9,5.0,3.1,3.0,,,,
Valladolid,24,31,15.4,34.2,30.3,4.5,12.1,0.0,3.5,38.9,28.7,22.9,3.8
Zamora,8,8,38.1,36.2,25.7,0.0,0.0,0.0,-0.0,42.4,28.3,19.8,2.4
Zaragoza,31,39,37.9,23.2,19.6,3.7,2.7,8.4,4.5,34.8,27.4,23.4,5.8
Ávila,9,10,44.1,35.7,20.3,0.0,0.0,0.0,-0.0,39.8,23.2,22.4,2.1
