provincia,escanos,PP_26,PSOE_26,VOX_26,SUMAR_26,PODEMOS_26,SALF_26,OTROS_26,PP_23,PSOE_23,VOX_23,SUMAR_23,OTROS_23,PP_d,PSOE_d,VOX_d,SUMAR_d
A Coruña,8,42.9,25.7,8.0,5.4,2.3,2.4,13.2,43.5,28.4,5.1,12.3,10.8,-0.6,-2.6,2.9,-6.9
Alacant/Alicante,12,35.4,28.3,24.7,5.5,2.4,2.0,1.7,37.0,32.2,16.4,13.0,1.4,-1.6,-3.9,8.4,-7.5
Albacete,4,37.7,29.9,24.8,3.0,1.3,2.1,1.1,40.3,34.8,16.8,7.2,1.0,-2.6,-4.9,8.1,-4.2
Almería,6,37.4,24.4,30.7,2.7,1.2,2.1,1.5,41.3,29.3,21.4,6.7,1.3,-3.9,-4.9,9.3,-4.0
Araba/Álava,4,17.0,24.2,5.8,5.4,2.3,1.0,44.3,17.9,27.8,3.9,12.8,37.6,-1.0,-3.6,1.9,-7.4
Asturias,7,35.5,31.4,19.7,6.6,2.9,2.0,2.1,36.0,34.7,12.6,15.0,1.7,-0.6,-3.3,7.0,-8.4
Badajoz,5,36.4,34.6,20.8,2.9,1.3,2.1,2.0,38.1,39.5,13.8,6.9,1.7,-1.8,-4.9,7.0,-4.0
Barcelona,32,13.4,32.0,11.7,6.6,2.9,0.8,32.7,13.9,36.0,7.6,15.3,27.2,-0.5,-4.0,4.0,-8.7
Bizkaia,8,10.8,22.1,3.9,4.5,2.0,0.6,56.2,11.6,26.0,2.7,11.0,48.8,-0.9,-3.9,1.2,-6.5
Burgos,4,39.3,30.6,19.5,3.7,1.6,2.2,3.1,41.0,34.8,12.9,8.7,2.6,-1.8,-4.2,6.6,-5.0
Cantabria,5,40.4,29.4,21.4,3.6,1.6,2.3,1.4,42.5,33.6,14.2,8.6,1.2,-2.1,-4.2,7.2,-4.9
Castelló/Castellón,5,34.2,29.2,24.4,6.2,2.7,1.9,1.3,35.5,32.9,16.0,14.5,1.1,-1.3,-3.7,8.4,-8.3
Ceuta,1,34.9,28.1,33.1,1.0,0.4,2.0,0.6,39.2,34.3,23.5,2.5,0.5,-4.3,-6.2,9.6,-1.5
Ciudad Real,5,38.2,30.7,24.3,2.6,1.1,2.2,1.0,40.9,35.7,16.4,6.2,0.8,-2.6,-5.0,7.9,-3.6
Cuenca,3,37.6,32.5,23.3,2.3,1.0,2.1,1.1,40.1,37.7,15.7,5.6,0.9,-2.5,-5.2,7.6,-3.3
Cáceres,4,36.5,34.3,20.7,3.0,1.3,2.1,2.2,38.3,39.2,13.7,7.0,1.9,-1.8,-4.8,7.0,-4.0
Cádiz,9,33.8,29.6,23.3,5.6,2.4,1.9,3.5,35.2,33.5,15.4,13.0,2.9,-1.4,-4.0,8.0,-7.5
Córdoba,6,37.1,28.9,21.6,6.0,2.6,2.1,1.7,38.3,32.4,14.1,13.9,1.4,-1.1,-3.5,7.5,-7.9
Gipuzkoa,6,8.0,19.7,3.0,4.4,1.9,0.5,62.6,8.7,23.4,2.1,10.7,55.1,-0.8,-3.8,0.9,-6.3
Girona,6,9.0,24.7,10.3,4.5,2.0,0.5,49.1,9.8,29.2,7.1,11.0,42.9,-0.8,-4.5,3.2,-6.5
Granada,7,35.5,29.1,24.5,5.0,2.2,2.0,1.7,37.3,33.3,16.3,11.7,1.5,-1.8,-4.1,8.2,-6.8
Guadalajara,3,34.0,28.4,28.5,3.8,1.7,1.9,1.7,36.6,33.3,19.4,9.2,1.5,-2.6,-4.9,9.1,-5.4
Huelva,5,35.3,32.0,22.4,4.5,1.9,2.0,2.0,36.8,36.3,14.8,10.5,1.6,-1.5,-4.3,7.6,-6.0
Huesca,3,37.3,30.2,19.5,5.0,2.2,2.1,3.7,38.6,34.0,12.8,11.6,3.1,-1.3,-3.8,6.8,-6.6
Illes Balears,8,35.0,27.2,23.6,7.3,3.1,2.0,1.8,36.0,30.4,15.4,16.7,1.5,-1.0,-3.2,8.3,-9.5
Jaén,5,35.6,31.8,22.2,3.4,1.5,2.0,3.5,37.6,36.5,14.9,8.0,3.0,-2.0,-4.7,7.4,-4.7
La Rioja,4,44.6,32.0,15.1,2.9,1.2,2.5,1.7,46.1,36.0,9.9,6.6,1.4,-1.5,-4.0,5.2,-3.8
Las Palmas,8,24.2,28.6,21.6,4.3,1.9,1.4,18.1,26.0,33.4,14.7,10.3,15.6,-1.8,-4.8,6.9,-6.0
León,4,34.8,29.1,19.2,2.8,1.2,2.0,10.9,37.1,33.8,13.0,6.8,9.3,-2.3,-4.7,6.2,-4.0
Lleida,4,11.8,25.0,9.9,3.2,1.4,0.7,48.0,13.0,29.8,6.9,8.0,42.3,-1.2,-4.9,3.0,-4.7
Lugo,4,48.9,27.1,6.7,2.2,1.0,2.8,11.3,50.6,30.5,4.4,5.2,9.4,-1.6,-3.4,2.3,-3.0
Madrid,37,39.7,25.1,21.7,6.7,2.9,2.2,1.6,40.9,28.1,14.1,15.6,1.3,-1.2,-3.0,7.6,-8.8
Melilla,1,45.0,21.3,23.1,1.2,0.5,2.5,6.3,49.6,25.6,16.1,3.1,5.6,-4.7,-4.3,7.0,-1.8
Murcia,10,37.7,21.3,31.6,3.9,1.7,2.1,1.7,41.5,25.5,22.0,9.6,1.5,-3.7,-4.2,9.6,-5.7
Málaga,11,36.7,26.7,25.0,5.2,2.3,2.1,2.0,38.7,30.6,16.6,12.4,1.7,-2.0,-3.9,8.3,-7.1
Navarra,5,15.8,23.8,8.5,5.4,2.4,0.9,43.1,16.9,27.6,5.8,13.0,36.8,-1.0,-3.8,2.8,-7.5
Ourense,4,48.6,26.9,7.5,2.4,1.0,2.7,10.9,50.3,30.3,4.9,5.5,9.0,-1.7,-3.4,2.6,-3.1
Palencia,3,40.0,30.4,19.4,2.6,1.1,2.3,4.2,42.3,35.0,13.0,6.1,3.6,-2.3,-4.6,6.4,-3.5
Pontevedra,7,39.9,28.9,7.6,5.9,2.6,2.3,12.8,40.0,31.6,4.8,13.3,10.3,-0.1,-2.6,2.8,-7.4
Salamanca,4,44.1,26.4,21.8,2.3,1.0,2.5,1.9,47.3,30.7,14.8,5.6,1.6,-3.2,-4.4,7.0,-3.3
Santa Cruz de Tenerife,7,35.7,31.1,0.0,4.9,2.1,2.0,24.2,35.7,33.8,0.0,11.0,19.5,-0.0,-2.8,0.0,-6.1
Segovia,3,43.0,26.9,21.3,3.4,1.5,2.4,1.5,45.5,30.9,14.3,8.1,1.2,-2.5,-4.0,7.1,-4.7
Sevilla,12,33.1,33.3,20.9,6.2,2.7,1.9,2.0,33.7,37.0,13.5,14.2,1.6,-0.7,-3.7,7.4,-8.0
Soria,2,34.3,25.0,14.3,1.4,0.6,1.9,22.5,37.4,29.6,9.9,3.4,19.7,-3.1,-4.7,4.4,-2.0
Tarragona,6,13.0,28.3,15.3,4.7,2.1,0.7,35.8,14.0,33.2,10.4,11.4,30.9,-1.0,-4.9,4.9,-6.7
Teruel,3,32.2,24.7,19.0,2.2,1.0,1.8,19.1,35.2,29.4,13.2,5.5,16.7,-3.0,-4.7,5.9,-3.2
Toledo,6,35.2,27.8,28.9,3.4,1.5,2.0,1.2,38.1,32.8,19.8,8.3,1.1,-2.9,-5.0,9.1,-4.9
Valladolid,5,38.9,28.7,22.9,3.8,1.6,2.2,1.9,41.2,33.0,15.3,8.9,1.6,-2.2,-4.3,7.6,-5.2
València/Valencia,16,33.1,29.0,23.7,7.4,3.2,1.9,1.7,33.9,32.3,15.3,17.0,1.4,-0.8,-3.3,8.3,-9.6
Zamora,3,42.4,28.3,19.8,2.4,1.0,2.4,3.7,45.1,32.8,13.3,5.7,3.1,-2.7,-4.5,6.5,-3.3
Zaragoza,7,34.8,27.4,23.4,5.8,2.5,2.0,4.2,36.3,31.1,15.4,13.6,3.5,-1.6,-3.7,7.9,-7.8
Ávila,3,39.8,23.2,22.4,2.1,0.9,2.2,9.4,43.5,27.6,15.5,5.2,8.3,-3.7,-4.4,6.9,-3.1
