provincia,escanos,vox_pct_19,vox_pct_23,vox_pct_26,vox_seats_23,vox_seats_26,umbral_pct,gap_pp,fuel_pp_pct,fuel_abs_pct,fuel_total_pct,coverage,confidence,conf_num,delta_19_23,delta_23_26
Segovia,3,17.3,14.3,21.3,0,0,21.5,0.2,7.0,4.5,11.5,66.7,MUY PROBABLE,4,-3.1,7.1
A Coruña,8,8.3,5.1,8.0,0,0,8.6,0.6,7.0,8.0,15.0,25.25,MUY PROBABLE,4,-3.2,2.9
Madrid,37,18.5,14.1,21.7,5,8,22.3,0.6,6.5,5.9,12.4,20.33,MUY PROBABLE,4,-4.3,7.6
Palencia,3,14.6,13.0,19.4,0,0,20.0,0.6,6.5,5.4,11.9,21.02,MUY PROBABLE,4,-1.6,6.4
La Rioja,4,11.6,9.9,15.1,0,0,16.0,0.9,7.3,5.9,13.1,14.12,MUY PROBABLE,4,-1.7,5.2
Asturias,7,16.1,12.6,19.7,1,1,20.9,1.3,5.8,8.1,13.9,10.86,MUY PROBABLE,4,-3.4,7.0
Zamora,3,17.3,13.3,19.8,0,0,21.2,1.4,6.9,7.4,14.3,10.33,MUY PROBABLE,4,-4.0,6.5
Ceuta,1,35.5,23.5,33.1,0,0,34.9,1.8,5.7,10.9,16.5,9.33,PROBABLE,3,-12.0,9.6
Cádiz,9,21.6,15.4,23.3,1,2,25.3,2.0,5.5,7.8,13.3,6.59,PROBABLE,3,-6.3,8.0
Pontevedra,7,7.4,4.8,7.6,0,0,10.0,2.3,6.5,7.9,14.4,6.16,PROBABLE,3,-2.5,2.8
Lleida,4,4.5,6.9,9.9,0,0,12.5,2.6,1.9,8.9,10.8,4.23,PROBABLE,3,2.4,3.0
Barcelona,32,6.4,7.6,11.7,2,4,14.3,2.7,2.2,7.7,9.9,3.72,PROBABLE,3,1.3,4.0
Córdoba,6,18.8,14.1,21.6,1,1,24.8,3.2,6.1,5.8,11.9,3.77,POSIBLE,2,-4.7,7.5
Navarra,5,5.9,5.8,8.5,0,0,11.9,3.4,2.6,6.7,9.2,2.74,POSIBLE,2,-0.1,2.8
Alacant/Alicante,12,19.8,16.4,24.7,2,3,28.3,3.5,5.8,5.9,11.6,3.28,POSIBLE,2,-3.4,8.4
Illes Balears,8,17.2,15.4,23.6,1,2,27.2,3.6,5.7,8.5,14.2,3.96,POSIBLE,2,-1.9,8.3
València/Valencia,16,17.8,15.3,23.7,2,4,27.6,3.9,5.4,5.2,10.6,2.71,POSIBLE,2,-2.5,8.3
Málaga,11,21.7,16.6,25.0,2,3,29.4,4.4,6.0,7.4,13.4,3.03,POSIBLE,2,-5.1,8.3
Castelló/Castellón,5,18.8,16.0,24.4,1,1,29.2,4.7,5.6,5.3,10.8,2.28,POSIBLE,2,-2.7,8.4
Sevilla,12,18.2,13.5,20.9,1,3,26.7,5.8,5.4,6.4,11.8,2.03,POCO PROBABLE,1,-4.7,7.4
Valladolid,5,18.3,15.3,22.9,1,1,28.7,5.8,6.3,4.7,11.0,1.89,POCO PROBABLE,1,-3.0,7.6
Ciudad Real,5,21.1,16.4,24.3,1,1,30.7,6.4,6.2,4.9,11.1,1.74,POCO PROBABLE,1,-4.6,7.9
Las Palmas,8,13.4,14.7,21.6,1,2,28.1,6.4,3.9,8.7,12.7,1.98,POCO PROBABLE,1,1.3,6.9
Bizkaia,8,2.4,2.7,3.9,0,0,10.4,6.5,1.8,6.8,8.6,1.31,POCO PROBABLE,1,0.2,1.2
Almería,6,26.9,21.4,30.7,1,2,37.4,6.7,6.1,7.4,13.5,2.04,POCO PROBABLE,1,-5.5,9.3
Cantabria,5,15.0,14.2,21.4,1,1,29.4,8.0,6.6,5.9,12.4,1.55,POCO PROBABLE,1,-0.8,7.2
Ourense,4,7.8,4.9,7.5,0,0,16.2,8.7,7.9,11.8,19.7,2.26,POCO PROBABLE,1,-2.9,2.6
Gipuzkoa,6,1.9,2.1,3.0,0,0,11.9,8.8,1.3,6.8,8.1,0.92,POCO PROBABLE,1,0.2,0.9
Huelva,5,21.2,14.8,22.4,1,1,32.0,9.6,5.7,7.4,13.1,1.37,POCO PROBABLE,1,-6.5,7.6
Jaén,5,19.9,14.9,22.2,1,1,31.8,9.6,5.8,5.2,11.0,1.15,POCO PROBABLE,1,-5.0,7.4
Lugo,4,8.2,4.4,6.7,0,0,16.3,9.6,8.0,9.1,17.1,1.78,POCO PROBABLE,1,-3.8,2.3
Santa Cruz de Tenerife,7,11.6,0.0,0.0,0,0,10.5,10.5,5.8,10.6,16.4,1.56,POCO PROBABLE,1,-11.6,0.0
Tarragona,6,8.1,10.4,15.3,0,1,25.9,10.6,2.1,7.8,10.0,0.94,POCO PROBABLE,1,2.3,4.9
Soria,2,13.7,9.9,14.3,0,0,25.0,10.7,5.6,6.1,11.7,1.09,POCO PROBABLE,1,-3.8,4.4
Granada,7,20.9,16.3,24.5,1,2,35.5,11.0,5.8,6.8,12.5,1.14,POCO PROBABLE,1,-4.6,8.2
Araba/Álava,4,3.8,3.9,5.8,0,0,17.0,11.1,2.8,6.8,9.6,0.86,POCO PROBABLE,1,0.1,1.9
Zaragoza,7,18.2,15.4,23.4,1,2,34.8,11.4,5.7,5.6,11.3,0.99,POCO PROBABLE,1,-2.7,7.9
Girona,6,5.2,7.1,10.3,0,1,22.6,12.3,1.5,8.6,10.1,0.82,POCO PROBABLE,1,1.9,3.2
Albacete,4,20.9,16.8,24.8,0,1,37.7,12.9,6.1,5.0,11.2,0.87,POCO PROBABLE,1,-4.1,8.1
Toledo,6,23.8,19.8,28.9,1,2,41.7,12.9,5.7,5.0,10.8,0.84,POCO PROBABLE,1,-4.1,9.1
Badajoz,5,17.5,13.8,20.8,1,1,34.6,13.9,5.9,5.3,11.2,0.81,POCO PROBABLE,1,-3.7,7.0
Murcia,10,28.2,22.0,31.6,2,4,47.1,15.5,6.1,5.8,11.9,0.77,POCO PROBABLE,1,-6.2,9.6
León,4,15.7,13.0,19.2,0,1,34.8,15.6,5.7,6.8,12.5,0.8,POCO PROBABLE,1,-2.8,6.2
Cáceres,4,16.2,13.7,20.7,0,1,36.5,15.8,5.9,5.7,11.6,0.73,POCO PROBABLE,1,-2.5,7.0
Burgos,4,15.1,12.9,19.5,0,1,39.3,19.8,6.4,6.1,12.5,0.63,POCO PROBABLE,1,-2.2,6.6
Melilla,1,18.5,16.1,23.1,0,0,45.0,21.9,7.3,15.1,22.4,1.02,POCO PROBABLE,1,-2.4,7.0
Salamanca,4,18.1,14.8,21.8,0,1,44.1,22.3,7.2,6.5,13.6,0.61,POCO PROBABLE,1,-3.3,7.0
Ávila,3,18.7,15.5,22.4,0,1,46.3,23.9,6.5,4.9,11.4,0.48,POCO PROBABLE,1,-3.2,6.9
Guadalajara,3,24.2,19.4,28.5,1,1,56.8,28.3,5.5,5.0,10.6,0.37,POCO PROBABLE,1,-4.8,9.1
Teruel,3,12.7,13.2,19.0,0,1,49.5,30.4,5.2,5.0,10.2,0.34,POCO PROBABLE,1,0.5,5.9
Huesca,3,15.4,12.8,19.5,0,1,60.4,40.8,6.1,5.9,12.0,0.29,POCO PROBABLE,1,-2.6,6.8
Cuenca,3,18.6,15.7,23.3,0,1,65.0,41.7,6.1,4.4,10.5,0.25,POCO PROBABLE,1,-2.9,7.6
